{
	"file_path": "C:\\Users\\Jesse\\AppData\\Local\\Packages\\Microsoft.MinecraftUWP_8wekyb3d8bbwe\\LocalState\\games\\com.mojang\\development_behavior_packs\\Classic Giants\\loot_tables\\entities\\giant.json",
	"file_type": "loot_table",
	"format_version": 0,
	"cache_content": {
		"pools": [
			{
				"rolls": 1,
				"entries": [
					{
						"type": "item",
						"name": "minecraft:apple",
						"weight": 1,
						"functions": [
							{
								"function": "set_count",
								"count": {
									"min": 0,
									"max": 2
								}
							},
							{
								"function": "looting_enchant",
								"count": {
									"min": 0,
									"max": 1
								}
							}
						]
					}
				]
			}
		]
	},
	"file_uuid": "dd066326_b054_4cdd_9f85_75a9579fe055"
}