{"format_version":"1.8.0","minecraft:client_entity":{"description":{"identifier":"pa:classic_villager","materials":{"default":"villager"},"textures":{"farmer":"textures/entity/pamobile/pa_classic_villager","librarian":"textures/entity/pamobile/pa_classic_villager","priest":"textures/entity/pamobile/pa_classic_villager","smith":"textures/entity/pamobile/pa_classic_villager","butcher":"textures/entity/pamobile/pa_classic_villager"},"geometry":{"default":"geometry.villager"},"scripts":{"scale":"0.9375"},"animations":{"general":"animation.villager.general.v1.0","look_at_target":"animation.common.look_at_target","move":"animation.villager.move","baby_transform":"animation.villager.baby_transform"},"animation_controllers":[{"general":"controller.animation.villager.general"},{"move":"controller.animation.villager.move"},{"baby":"controller.animation.villager.baby"}],"render_controllers":["controller.render.villager.v1.0"],"spawn_egg":{"texture":"pa:classic_villager","texture_index":0}}}}