{"format_version":"1.8.0","minecraft:client_entity":{"description":{"identifier":"pa:classic_wandering_trader","materials":{"default":"wandering_trader"},"textures":{"default":"textures/entity/pamobile/pa_classic_wandering_trader"},"geometry":{"default":"geometry.villager_v2"},"scripts":{"scale":"0.9375"},"animations":{"general":"animation.villager.general","look_at_target":"animation.common.look_at_target","raise_arms":"animation.villager.raise_arms","move":"animation.villager.move"},"animation_controllers":[{"general":"controller.animation.villager.general"},{"raise_arms":"controller.animation.villager_v2.raise_arms"},{"move":"controller.animation.villager.move"}],"render_controllers":["controller.render.wandering_trader"],"spawn_egg":{"texture":"pa:classic_wandering_trader","texture_index":0}}}}