{"format_version":"1.8.0","minecraft:client_entity":{"description":{"identifier":"pa:stillager","materials":{"default":"villager"},"textures":{"farmer":"textures/entity/pamobile/pa_stillager","librarian":"textures/entity/pamobile/pa_stillager","priest":"textures/entity/pamobile/pa_stillager","smith":"textures/entity/pamobile/pa_stillager","butcher":"textures/entity/pamobile/pa_stillager"},"geometry":{"default":"geometry.villager"},"scripts":{"scale":"0.9375"},"animations":{"general":"animation.villager.general.v1.0","look_at_target":"animation.common.look_at_target","move":"animation.villager.move","baby_transform":"animation.villager.baby_transform"},"animation_controllers":[{"general":"controller.animation.villager.general"},{"move":"controller.animation.villager.move"},{"baby":"controller.animation.villager.baby"}],"render_controllers":["controller.render.villager.v1.0"],"spawn_egg":{"texture":"pa:stillager","texture_index":0}}}}