{"format_version":"1.8.0","minecraft:entity":{"description":{"identifier":"pa:classic_ravager","is_spawnable":true,"is_summonable":true,"is_experimental":false},"component_groups":{"minecraft:pillager_rider":{"minecraft:addrider":{"entity_type":"minecraft:pillager"}},"minecraft:pillager_rider_for_raid":{"minecraft:addrider":{"entity_type":"minecraft:pillager","spawn_event":"minecraft:spawn_for_raid"}},"minecraft:evoker_rider_for_raid":{"minecraft:addrider":{"entity_type":"minecraft:evocation_illager","spawn_event":"minecraft:spawn_for_raid"}},"minecraft:pillager_captain_rider":{"minecraft:addrider":{"entity_type":"minecraft:pillager","spawn_event":"minecraft:spawn_as_illager_captain"}},"minecraft:vindicator_rider":{"minecraft:addrider":{"entity_type":"minecraft:vindicator"}},"minecraft:vindicator_captain_rider":{"minecraft:addrider":{"entity_type":"minecraft:vindicator","spawn_event":"minecraft:spawn_as_illager_captain"}},"minecraft:raid_configuration":{"minecraft:dweller":{"dwelling_type":"village","dweller_role":"hostile","update_interval_base":60,"update_interval_variant":40,"can_find_poi":false,"can_migrate":false,"first_founding_reward":0},"minecraft:behavior.move_to_village":{"priority":5,"speed_multiplier":1.0},"minecraft:behavior.random_stroll":{"priority":6,"speed_multiplier":1.0},"minecraft:ambient_sound_interval":{"value":4.0,"range":8.0,"event_name":"ambient.in.raid"}},"minecraft:hostile":{"minecraft:movement":{"value":0.3},"minecraft:behavior.delayed_attack":{"priority":4,"reach_multiplier":1.5,"attack_duration":0.75,"hit_delay_pct":0.5,"track_target":true,"sound_event":"attack.strong"},"minecraft:behavior.random_stroll":{"priority":6,"speed_multiplier":0.4},"minecraft:behavior.look_at_player":{"priority":7,"look_distance":6,"angle_of_view_horizontal":45,"probability":1},"minecraft:behavior.look_at_entity":{"priority":10,"look_distance":8,"angle_of_view_horizontal":45,"filters":{"test":"is_family","subject":"other","value":"mob"}},"minecraft:behavior.hurt_by_target":{"priority":2,"entity_types":{"filters":{"test":"is_family","subject":"other","operator":"!=","value":"illager"},"max_dist":64}},"minecraft:behavior.nearest_attackable_target":{"entity_types":[{"filters":{"any_of":[{"subject":"other","test":"is_family","value":"player"},{"subject":"other","test":"is_family","value":"irongolem"}]},"max_dist":16},{"filters":{"all_of":[{"test":"is_family","subject":"other","value":"villager"},{"test":"has_component","subject":"other","operator":"!=","value":"minecraft:is_baby"}]},"max_dist":16}],"must_see":true,"priority":3,"within_radius":16},"minecraft:behavior.mount_pathing":{"priority":5,"speed_multiplier":1.25,"target_dist":0.0,"track_target":true}},"stunned":{"minecraft:is_stunned":{},"minecraft:timer":{"looping":false,"time":2,"time_down_event":{"event":"minecraft:start_roar"}}},"roaring":{"minecraft:behavior.knockback_roar":{"priority":1,"duration":1,"attack_time":0.5,"knockback_damage":6,"knockback_strength":3,"knockback_range":4,"knockback_filters":{"test":"is_family","subject":"other","operator":"!=","value":"ravager"},"damage_filters":{"test":"is_family","subject":"other","operator":"!=","value":"illager"},"on_roar_end":{"event":"minecraft:end_roar"},"cooldown_time":0.1}}},"components":{"minecraft:behavior.float":{"priority":0},"minecraft:ravager_blocked":{"knockback_strength":3.0,"reaction_choices":[{"weight":1,"value":{"event":"minecraft:become_stunned","target":"self"}},{"weight":1}]},"minecraft:attack":{"damage":12.0},"minecraft:breathable":{"suffocateTime":0,"totalSupply":15},"minecraft:collision_box":{"height":1.9,"width":1.2},"minecraft:health":{"max":100,"value":100},"minecraft:jump.static":{},"minecraft:loot":{"table":"loot_tables/entities/pa:classic_ravager.json"},"minecraft:knockback_resistance":{"value":0.5},"minecraft:movement":{"value":0.0},"minecraft:movement.basic":{},"minecraft:nameable":{},"minecraft:navigation.walk":{"avoid_damage_blocks":true,"avoid_water":true,"can_path_over_water":true,"can_sink":false},"minecraft:physics":{},"minecraft:break_blocks":{"breakable_blocks":["bamboo","bamboo_sapling","beetroot","brown_mushroom","carrots","carved_pumpkin","chorus_flower","chorus_plant","deadbush","double_plant","leaves","leaves2","lit_pumpkin","melon_block","melon_stem","potatoes","pumpkin","pumpkin_stem","red_flower","red_mushroom","reeds","sapling","snow_layer","sweet_berry_bush","tallgrass","turtle_egg","vine","waterlily","wheat","yellow_flower"]},"minecraft:follow_range":{"value":64},"minecraft:rideable":{"seat_count":1,"family_types":["pillager","vindicator","evocation_illager"],"seats":{"position":[0.0,2.1,-0.3]}},"minecraft:type_family":{"family":["illager","monster","ravager"]},"minecraft:scale":{"value":1,"max":1},"minecraft:behavior.nearest_attackable_target":{"priority":1,"within_radius":25,"must_reach":false,"entity_types":[{"filters":{"other_with_families":["irongolem","player","snowgolem","villager","wandering_trader"]},"max_dist":35,"must_see":false,"walk_speed_multiplier":1.0,"sprint_speed_multiplier":1.0,"within_default":1}],"must_see":false,"speed_multiplier":1.0}},"events":{"minecraft:entity_spawned":{"add":{"component_groups":["minecraft:hostile"]}},"minecraft:spawn_for_raid":{"add":{"component_groups":["minecraft:hostile","minecraft:raid_configuration"]}},"minecraft:spawn_for_raid_with_evoker_rider":{"add":{"component_groups":["minecraft:hostile","minecraft:evoker_rider_for_raid","minecraft:raid_configuration"]}},"minecraft:spawn_for_raid_with_pillager_rider":{"add":{"component_groups":["minecraft:hostile","minecraft:pillager_rider_for_raid","minecraft:raid_configuration"]}},"minecraft:spawn_with_pillager_rider":{"add":{"component_groups":["minecraft:hostile","minecraft:pillager_rider"]}},"minecraft:spawn_with_pillager_captain_rider":{"add":{"component_groups":["minecraft:hostile","minecraft:pillager_captain_rider"]}},"minecraft:spawn_with_vindicator_rider":{"add":{"component_groups":["minecraft:hostile","minecraft:vindicator_rider"]}},"minecraft:spawn_with_vindicator_captain_rider":{"add":{"component_groups":["minecraft:hostile","minecraft:vindicator_captain_rider"]}},"minecraft:become_stunned":{"add":{"component_groups":["stunned"]},"remove":{"component_groups":["minecraft:hostile"]}},"minecraft:start_roar":{"add":{"component_groups":["roaring"]},"remove":{"component_groups":["stunned"]}},"minecraft:end_roar":{"add":{"component_groups":["minecraft:hostile"]},"remove":{"component_groups":["roaring"]}}}}}