{"format_version":"1.8.0","minecraft:entity":{"description":{"identifier":"pa:old_witch","is_spawnable":true,"is_summonable":true,"is_experimental":false},"component_groups":{"minecraft:raid_configuration":{"minecraft:dweller":{"dwelling_type":"village","dweller_role":"hostile","update_interval_base":60,"update_interval_variant":40,"can_find_poi":false,"can_migrate":false,"first_founding_reward":0},"minecraft:behavior.move_to_village":{"priority":3,"speed_multiplier":1.2},"minecraft:ambient_sound_interval":{"value":2.0,"range":4.0,"event_name":"ambient.in.raid"}}},"components":{"minecraft:breathable":{"totalSupply":15,"suffocateTime":0},"minecraft:nameable":{},"minecraft:health":{"value":26,"max":26},"minecraft:movement":{"value":0.25},"minecraft:navigation.walk":{"can_path_over_water":true,"avoid_water":false},"minecraft:movement.basic":{},"minecraft:jump.static":{},"minecraft:can_climb":{},"minecraft:behavior.float":{"priority":1},"minecraft:behavior.ranged_attack":{"priority":2,"speed_multiplier":1.0,"attack_interval_min":3,"attack_interval_max":3,"attack_radius":10.0,"burst_shots":null,"burst_interval":null},"minecraft:behavior.random_stroll":{"priority":4,"speed_multiplier":1.0},"minecraft:behavior.look_at_player":{"priority":5,"look_distance":8.0},"minecraft:behavior.random_look_around":{"priority":5,"look_distance":8.0},"minecraft:behavior.hurt_by_target":{"priority":1},"minecraft:behavior.nearest_attackable_target":{"priority":1,"within_radius":15,"must_reach":false,"entity_types":[{"filters":{"other_with_families":["irongolem","player","snowgolem"]},"max_dist":35,"must_see":false,"walk_speed_multiplier":1.0,"sprint_speed_multiplier":1.0,"within_default":1}],"must_see":false,"speed_multiplier":1.0},"minecraft:type_family":{"family":["witch","monster"]},"minecraft:physics":{},"minecraft:follow_range":{"value":64},"minecraft:scale":{"value":1,"max":1},"minecraft:shooter":{"type":"Splash potion","def":"minecraft:splash_potion"},"minecraft:loot":{"table":"loot_tables/entities/pa:old_witch.json"}},"events":{"minecraft:spawn_for_raid":{"add":{"component_groups":["minecraft:raid_configuration"]}}}}}