{"format_version":"1.10.0","minecraft:entity":{"description":{"identifier":"pa:old_zombie_villager","is_spawnable":true,"is_summonable":true,"is_experimental":false},"component_groups":{"become_zombie_villager_v2":{"minecraft:transformation":{"into":"minecraft:zombie_villager_v2","keep_level":false}},"baby":{"minecraft:is_baby":{},"minecraft:scale":{"value":0.5},"minecraft:movement":{"value":0.35}},"adult":{"minecraft:movement":{"value":0.23},"minecraft:rideable":{"seat_count":1,"family_types":["zombie"],"seats":{"position":[0.0,0.9,-0.25]}},"minecraft:behavior.mount_pathing":{"priority":5,"speed_multiplier":1.25,"target_dist":0.0,"track_target":true}},"jockey":{"minecraft:behavior.find_mount":{"priority":1,"within_radius":16}},"from_abandoned_village":{"minecraft:navigation.walk":{"is_amphibious":true,"can_pass_doors":true,"can_open_doors":true,"avoid_water":true,"avoid_sun":true},"minecraft:behavior.flee_sun":{"priority":4,"speed_multiplier":1}},"to_villager":{"minecraft:transformation":{"into":"minecraft:villager","begin_transform_sound":"remedy","transformation_sound":"unfect","delay":{"value":100,"block_assist_chance":0.01,"block_radius":4,"block_chance":0.3,"block_types":["minecraft:bed","minecraft:iron_bars"]}},"minecraft:spell_effects":{"add_effects":[{"effect":"strength","duration":100},{"effect":"heal","duration":100}],"remove_effects":"weakness"},"minecraft:is_shaking":{}},"farmer":{"minecraft:type_family":{"family":["farmer","zombie","zombie_villager","undead","monster"]},"minecraft:variant":{"value":0}},"fisherman":{"minecraft:type_family":{"family":["fisherman","zombie_villager","zombie","undead","monster"]},"minecraft:variant":{"value":0}},"shepherd":{"minecraft:type_family":{"family":["shepherd","zombie_villager","zombie","undead","monster"]},"minecraft:variant":{"value":0}},"fletcher":{"minecraft:type_family":{"family":["fletcher","zombie_villager","zombie","undead","monster"]},"minecraft:variant":{"value":0}},"librarian":{"minecraft:type_family":{"family":["librarian","zombie_villager","zombie","undead","monster"]},"minecraft:variant":{"value":1}},"cartographer":{"minecraft:type_family":{"family":["cartographer","zombie_villager","zombie","undead","monster"]},"minecraft:variant":{"value":1}},"cleric":{"minecraft:type_family":{"family":["cleric","zombie_villager","zombie","undead","monster"]},"minecraft:variant":{"value":2}},"armorer":{"minecraft:type_family":{"family":["armorer","zombie_villager","zombie","undead","monster"]},"minecraft:variant":{"value":3}},"weaponsmith":{"minecraft:type_family":{"family":["weaponsmith","zombie_villager","zombie","undead","monster"]},"minecraft:variant":{"value":3}},"toolsmith":{"minecraft:type_family":{"family":["toolsmith","zombie_villager","zombie","undead","monster"]},"minecraft:variant":{"value":3}},"butcher":{"minecraft:type_family":{"family":["butcher","zombie_villager","zombie","undead","monster"]},"minecraft:variant":{"value":4}},"leatherworker":{"minecraft:type_family":{"family":["leatherworker","zombie_villager","zombie","undead","monster"]},"minecraft:variant":{"value":4}}},"components":{"minecraft:navigation.walk":{"is_amphibious":true,"can_pass_doors":true,"can_break_doors":true,"avoid_sun":false},"minecraft:annotation.break_door":{},"minecraft:movement.basic":{},"minecraft:jump.static":{},"minecraft:can_climb":{},"minecraft:breathable":{"totalSupply":15,"suffocateTime":0,"breathesWater":true},"minecraft:collision_box":{"width":0.6,"height":1.8},"minecraft:burns_in_daylight":{},"minecraft:health":{"value":20,"max":20},"minecraft:attack":{"damage":3},"minecraft:nameable":{},"minecraft:interact":{"on_interact":{"filters":{"all_of":[{"test":"has_equipment","domain":"hand","subject":"other","value":"golden_apple"},{"test":"has_component","subject":"self","value":"minecraft:effect.weakness"}]},"event":"villager_converted","target":"self"},"use_item":true,"interact_text":"action.interact.cure"},"minecraft:behavior.melee_attack":{"priority":6,"speed_multiplier":1,"track_target":false},"minecraft:behavior.stomp_turtle_egg":{"priority":4,"speed_multiplier":1,"search_range":24,"search_height":3,"goal_radius":1.14,"search_count":4,"interval":20},"minecraft:behavior.move_towards_restriction":{"priority":7,"speed_multiplier":1},"minecraft:behavior.random_stroll":{"priority":8,"speed_multiplier":1},"minecraft:behavior.look_at_player":{"priority":9,"look_distance":6,"probability":0.02},"minecraft:behavior.random_look_around":{"priority":9},"minecraft:behavior.hurt_by_target":{"priority":1},"minecraft:physics":{},"minecraft:movement":{"value":0.2,"max":0.2},"minecraft:type_family":{"family":["monster","zombie","zombie_villager"]},"minecraft:scale":{"value":1,"max":1},"minecraft:behavior.nearest_attackable_target":{"priority":1,"within_radius":25,"must_reach":false,"entity_types":[{"filters":{"other_with_families":["irongolem","player","snowgolem","villager","wandering_trader"]},"max_dist":35,"must_see":false,"walk_speed_multiplier":1.0,"sprint_speed_multiplier":1.0,"within_default":1}],"must_see":false,"speed_multiplier":1.0},"minecraft:loot":{"table":"loot_tables/entities/pa:old_zombie_villager.json"}},"events":{"villager_converted":{"remove":{},"add":{"component_groups":["to_villager"]}},"minecraft:entity_spawned":{"sequence":[{"filters":{"test":"has_component","operator":"!=","value":"minecraft:variant"},"randomize":[{"weight":9500,"remove":{},"add":{"component_groups":["adult"]}},{"weight":425,"remove":{},"add":{"component_groups":["baby"]}},{"weight":75,"remove":{},"add":{"component_groups":["baby","jockey"]}}]},{"filters":{"test":"has_component","operator":"!=","value":"minecraft:variant"},"randomize":[{"weight":5,"add":{"component_groups":["farmer"]}},{"weight":5,"add":{"component_groups":["fisherman"]}},{"weight":5,"add":{"component_groups":["shepherd"]}},{"weight":5,"add":{"component_groups":["fletcher"]}},{"weight":20,"add":{"component_groups":["librarian"]}},{"weight":20,"add":{"component_groups":["cartographer"]}},{"weight":20,"add":{"component_groups":["cleric"]}},{"weight":6,"add":{"component_groups":["armorer"]}},{"weight":6,"add":{"component_groups":["weaponsmith"]}},{"weight":6,"add":{"component_groups":["toolsmith"]}},{"weight":10,"add":{"component_groups":["butcher"]}},{"weight":10,"add":{"component_groups":["leatherworker"]}}]}]},"minecraft:entity_transformed":{"filters":{"test":"has_component","operator":"!=","value":"minecraft:variant"},"sequence":[{"filters":{"test":"has_component","subject":"other","value":"minecraft:is_baby"},"add":{"component_groups":["baby"]}},{"filters":{"test":"has_component","subject":"other","operator":"!=","value":"minecraft:is_baby"},"add":{"component_groups":["adult"]}},{"filters":{"test":"is_family","subject":"other","value":"farmer"},"add":{"component_groups":["farmer"]}},{"filters":{"test":"is_family","subject":"other","value":"fisherman"},"add":{"component_groups":["fisherman"]}},{"filters":{"test":"is_family","subject":"other","value":"shepherd"},"add":{"component_groups":["shepherd"]}},{"filters":{"test":"is_family","subject":"other","value":"fletcher"},"add":{"component_groups":["fletcher"]}},{"filters":{"test":"is_family","subject":"other","value":"librarian"},"add":{"component_groups":["librarian"]}},{"filters":{"test":"is_family","subject":"other","value":"cartographer"},"add":{"component_groups":["cartographer"]}},{"filters":{"test":"is_family","subject":"other","value":"cleric"},"add":{"component_groups":["cleric"]}},{"filters":{"test":"is_family","subject":"other","value":"armorer"},"add":{"component_groups":["armorer"]}},{"filters":{"test":"is_family","subject":"other","value":"weaponsmith"},"add":{"component_groups":["weaponsmith"]}},{"filters":{"test":"is_family","subject":"other","value":"toolsmith"},"add":{"component_groups":["toolsmith"]}},{"filters":{"test":"is_family","subject":"other","value":"butcher"},"add":{"component_groups":["butcher"]}},{"filters":{"test":"is_family","subject":"other","value":"leatherworker"},"add":{"component_groups":["leatherworker"]}}]},"minecraft:become_cleric":{"add":{"component_groups":["cleric"]}},"from_village":{"sequence":[{"filters":{"test":"has_component","operator":"!=","value":"minecraft:variant"},"randomize":[{"weight":9500,"remove":{},"add":{"component_groups":["adult"]}},{"weight":425,"remove":{},"add":{"component_groups":["baby"]}},{"weight":75,"remove":{},"add":{"component_groups":["baby","jockey"]}}]},{"filters":{"test":"has_component","operator":"!=","value":"minecraft:variant"},"randomize":[{"weight":5,"add":{"component_groups":["farmer"]}},{"weight":5,"add":{"component_groups":["fisherman"]}},{"weight":5,"add":{"component_groups":["shepherd"]}},{"weight":5,"add":{"component_groups":["fletcher"]}},{"weight":20,"add":{"component_groups":["librarian"]}},{"weight":20,"add":{"component_groups":["cartographer"]}},{"weight":20,"add":{"component_groups":["cleric"]}},{"weight":6,"add":{"component_groups":["armorer"]}},{"weight":6,"add":{"component_groups":["weaponsmith"]}},{"weight":6,"add":{"component_groups":["toolsmith"]}},{"weight":10,"add":{"component_groups":["butcher"]}},{"weight":10,"add":{"component_groups":["leatherworker"]}}]},{"add":{"component_groups":["from_abandoned_village"]}}]}}}}