{
  "format_version": "1.10.0",
  "minecraft:attachable": {
    "description": {
      "identifier": "gg:gaming_chestplate.player",
      "item": {
        "gg:gaming_chestplate": "query.owner_identifier == 'minecraft:player'"
      },
      "materials": {
        "default": "armor",
        "enchanted": "armor_enchanted"
      },
      "textures": {
        "default": "textures/entity/pamobile/gg_gaming_chestplate",
        "enchanted": "textures/misc/enchanted_item_glint"
      },
      "geometry": {
        "default": "geometry.player.armor.chestplate"
      },
      "scripts": {
        "parent_setup": "variable.chest_layer_visible = 0.0;",
        "animate": [
          "offset"
        ]
      },
      "render_controllers": [
        "controller.render.armor"
      ]
    }
  }
}