{
  "resource_pack_name": "vanilla",
  "texture_name": "atlas.terrain",
  "padding": 8,
  "num_mip_levels": 4,
  "texture_data": {
    "gg_gaming_ore_up": {
      "textures": [
        "textures/blocks/gg_gaming_ore_up"
      ]
    },
    "gg_gaming_block_up": {
      "textures": [
        "textures/blocks/gg_gaming_block_up"
      ]
    },
    "gg_gaming_ore_down": {
      "textures": [
        "textures/blocks/gg_gaming_ore_down"
      ]
    },
    "gg_gaming_block_down": {
      "textures": [
        "textures/blocks/gg_gaming_block_down"
      ]
    },
    "gg_ps4block": {
      "textures": "textures/blocks/gg_ps4block"
    },
    "gg_gaming_block_side": {
      "textures": [
        "textures/blocks/gg_gaming_block_side"
      ]
    },
    "gg_gaming_ore_side": {
      "textures": [
        "textures/blocks/gg_gaming_ore_side"
      ]
    }
  }
}