{
	"file_path": "C:\\Users\\Jesse\\AppData\\Local\\Packages\\Microsoft.MinecraftUWP_8wekyb3d8bbwe\\LocalState\\games\\com.mojang\\development_resource_packs\\Classic Giants\\sounds.json",
	"file_type": "client_sound",
	"format_version": 1,
	"file_uuid": "61914e7f_7717_4596_9f94_f85714ff4236",
	"file_version": 0,
	"cache_content": {
		"children": [
			{
				"key": "individual_event_sounds",
				"is_minified": true,
				"children": {
					"events": {}
				}
			},
			{
				"key": "block_sounds",
				"is_minified": true,
				"children": {}
			},
			{
				"open": {
					"individual_event_sounds": {
						"events": {}
					},
					"block_sounds": {},
					"entity_sounds": {
						"defaults": {
							"volume": 1,
							"pitch": [
								0.8,
								1.2
							],
							"events": {
								"fall.big": {
									"sound": "damage.fallbig",
									"volume": 0.75,
									"pitch": 1
								},
								"fall.small": {
									"sound": "damage.fallsmall",
									"volume": 0.75,
									"pitch": 1
								},
								"splash": {
									"sound": "random.splash",
									"pitch": [
										0.6,
										1.4
									]
								},
								"swim": {
									"sound": "random.swim",
									"pitch": [
										0.6,
										1.4
									]
								},
								"fizz": {
									"sound": "random.fizz",
									"volume": 0.7,
									"pitch": [
										1.2,
										2
									]
								},
								"drink": {
									"sound": "random.drink",
									"volume": 0.5,
									"pitch": [
										0.9,
										1
									]
								},
								"eat": {
									"sound": "random.eat",
									"volume": [
										0.5,
										1.5
									],
									"pitch": [
										0.8,
										1.2
									]
								},
								"ambient": {},
								"flop": {},
								"hurt": "game.player.hurt",
								"death": "game.player.die",
								"ambient.in.water": {},
								"hurt.in.water": {},
								"death.in.water": {},
								"ambient.in.raid": {}
							}
						},
						"entities": {
							"classicgiant:giant": {
								"events": {
									"ambient": "mob.zombie.say",
									"death": "mob.zombie.death",
									"hurt": "mob.zombie.hurt",
									"step": {
										"pitch": 1,
										"sound": "mob.zombie.step",
										"volume": 0.45
									}
								},
								"pitch": [
									0.8,
									1.2
								],
								"volume": 1
							}
						}
					}
				},
				"key": "entity_sounds",
				"children": [
					{
						"open": {
							"defaults": {
								"volume": 1,
								"pitch": [
									0.8,
									1.2
								],
								"events": {
									"fall.big": {
										"sound": "damage.fallbig",
										"volume": 0.75,
										"pitch": 1
									},
									"fall.small": {
										"sound": "damage.fallsmall",
										"volume": 0.75,
										"pitch": 1
									},
									"splash": {
										"sound": "random.splash",
										"pitch": [
											0.6,
											1.4
										]
									},
									"swim": {
										"sound": "random.swim",
										"pitch": [
											0.6,
											1.4
										]
									},
									"fizz": {
										"sound": "random.fizz",
										"volume": 0.7,
										"pitch": [
											1.2,
											2
										]
									},
									"drink": {
										"sound": "random.drink",
										"volume": 0.5,
										"pitch": [
											0.9,
											1
										]
									},
									"eat": {
										"sound": "random.eat",
										"volume": [
											0.5,
											1.5
										],
										"pitch": [
											0.8,
											1.2
										]
									},
									"ambient": {},
									"flop": {},
									"hurt": "game.player.hurt",
									"death": "game.player.die",
									"ambient.in.water": {},
									"hurt.in.water": {},
									"death.in.water": {},
									"ambient.in.raid": {}
								}
							},
							"entities": {
								"classicgiant:giant": {
									"events": {
										"ambient": "mob.zombie.say",
										"death": "mob.zombie.death",
										"hurt": "mob.zombie.hurt",
										"step": {
											"pitch": 1,
											"sound": "mob.zombie.step",
											"volume": 0.45
										}
									},
									"pitch": [
										0.8,
										1.2
									],
									"volume": 1
								}
							}
						},
						"key": "defaults",
						"is_minified": true,
						"children": {
							"volume": 1,
							"pitch": [
								0.8,
								1.2
							],
							"events": {
								"fall.big": {
									"sound": "damage.fallbig",
									"volume": 0.75,
									"pitch": 1
								},
								"fall.small": {
									"sound": "damage.fallsmall",
									"volume": 0.75,
									"pitch": 1
								},
								"splash": {
									"sound": "random.splash",
									"pitch": [
										0.6,
										1.4
									]
								},
								"swim": {
									"sound": "random.swim",
									"pitch": [
										0.6,
										1.4
									]
								},
								"fizz": {
									"sound": "random.fizz",
									"volume": 0.7,
									"pitch": [
										1.2,
										2
									]
								},
								"drink": {
									"sound": "random.drink",
									"volume": 0.5,
									"pitch": [
										0.9,
										1
									]
								},
								"eat": {
									"sound": "random.eat",
									"volume": [
										0.5,
										1.5
									],
									"pitch": [
										0.8,
										1.2
									]
								},
								"ambient": {},
								"flop": {},
								"hurt": "game.player.hurt",
								"death": "game.player.die",
								"ambient.in.water": {},
								"hurt.in.water": {},
								"death.in.water": {},
								"ambient.in.raid": {}
							}
						}
					},
					{
						"open": {
							"defaults": {
								"volume": 1,
								"pitch": [
									0.8,
									1.2
								],
								"events": {
									"fall.big": {
										"sound": "damage.fallbig",
										"volume": 0.75,
										"pitch": 1
									},
									"fall.small": {
										"sound": "damage.fallsmall",
										"volume": 0.75,
										"pitch": 1
									},
									"splash": {
										"sound": "random.splash",
										"pitch": [
											0.6,
											1.4
										]
									},
									"swim": {
										"sound": "random.swim",
										"pitch": [
											0.6,
											1.4
										]
									},
									"fizz": {
										"sound": "random.fizz",
										"volume": 0.7,
										"pitch": [
											1.2,
											2
										]
									},
									"drink": {
										"sound": "random.drink",
										"volume": 0.5,
										"pitch": [
											0.9,
											1
										]
									},
									"eat": {
										"sound": "random.eat",
										"volume": [
											0.5,
											1.5
										],
										"pitch": [
											0.8,
											1.2
										]
									},
									"ambient": {},
									"flop": {},
									"hurt": "game.player.hurt",
									"death": "game.player.die",
									"ambient.in.water": {},
									"hurt.in.water": {},
									"death.in.water": {},
									"ambient.in.raid": {}
								}
							},
							"entities": {
								"classicgiant:giant": {
									"events": {
										"ambient": "mob.zombie.say",
										"death": "mob.zombie.death",
										"hurt": "mob.zombie.hurt",
										"step": {
											"pitch": 1,
											"sound": "mob.zombie.step",
											"volume": 0.45
										}
									},
									"pitch": [
										0.8,
										1.2
									],
									"volume": 1
								}
							}
						},
						"key": "entities",
						"children": [
							{
								"open": {
									"classicgiant:giant": {
										"events": {
											"ambient": "mob.zombie.say",
											"death": "mob.zombie.death",
											"hurt": "mob.zombie.hurt",
											"step": {
												"pitch": 1,
												"sound": "mob.zombie.step",
												"volume": 0.45
											}
										},
										"pitch": [
											0.8,
											1.2
										],
										"volume": 1
									}
								},
								"key": "classicgiant:giant",
								"is_minified": true,
								"children": {
									"events": {
										"ambient": "mob.zombie.say",
										"death": "mob.zombie.death",
										"hurt": "mob.zombie.hurt",
										"step": {
											"pitch": 1,
											"sound": "mob.zombie.step",
											"volume": 0.45
										}
									},
									"pitch": [
										0.8,
										1.2
									],
									"volume": 1
								}
							}
						]
					}
				]
			}
		]
	}
}