{
  "format_version": "1.12",
  "minecraft:recipe_shaped": {
    "description": {
      "identifier": "msi_vigor_gk60_fd70e9fc"
    },
    "tags": [
      "crafting_table"
    ],
    "pattern": [
      "ABA",
      "CCC"
    ],
    "key": {
      "A": {
        "item": "minecraft:wool",
        "data": 15
      },
      "B": {
        "item": "minecraft:redstone",
        "data": 0
      },
      "C": {
        "item": "gg:plastic",
        "data": 0
      }
    },
    "result": {
      "item": "gg:msi_vigor_gk60",
      "count": 1
    }
  }
}