{
  "format_version": "1.12",
  "minecraft:recipe_shaped": {
    "description": {
      "identifier": "msi_ps42_modern_8rc_7608aca3"
    },
    "tags": [
      "crafting_table"
    ],
    "pattern": [
      "AAA",
      "ABA",
      "CDC"
    ],
    "key": {
      "A": {
        "item": "minecraft:iron_ingot",
        "data": 0
      },
      "B": {
        "item": "gg:chip",
        "data": 0
      },
      "C": {
        "item": "gg:ventilator_black3000",
        "data": 0
      },
      "D": {
        "item": "gg:nvidia_geforce_gtx1500",
        "data": 0
      }
    },
    "result": {
      "item": "gg:msi_ps42_modern_8rc",
      "count": 1
    }
  }
}