{
  "format_version": "1.12",
  "minecraft:recipe_shaped": {
    "description": {
      "identifier": "msi_clutch_gm50_7a2fb0ee"
    },
    "tags": [
      "crafting_table"
    ],
    "pattern": [
      "AAA",
      "BBB",
      "BCB"
    ],
    "key": {
      "A": {
        "item": "minecraft:wool",
        "data": 15
      },
      "B": {
        "item": "gg:plastic",
        "data": 0
      },
      "C": {
        "item": "minecraft:blaze_powder",
        "data": 0
      }
    },
    "result": {
      "item": "gg:msi_clutch_gm50",
      "count": 1
    }
  }
}