{
  "format_version": "1.12",
  "minecraft:recipe_shaped": {
    "description": {
      "identifier": "msi_force_gc30_379387a4"
    },
    "tags": [
      "crafting_table"
    ],
    "pattern": [
      "AAA",
      "BCB",
      "AAA"
    ],
    "key": {
      "A": {
        "item": "gg:plastic",
        "data": 0
      },
      "B": {
        "item": "minecraft:diamond",
        "data": 0
      },
      "C": {
        "item": "gg:ps3_controller_black",
        "data": 0
      }
    },
    "result": {
      "item": "gg:msi_force_gc30",
      "count": 1
    }
  }
}