{
  "format_version": "1.12",
  "minecraft:recipe_shaped": {
    "description": {
      "identifier": "os_inside_3a3e0779"
    },
    "tags": [
      "crafting_table"
    ],
    "pattern": [
      " AB",
      " CD"
    ],
    "key": {
      "A": {
        "item": "gg:plastic",
        "data": 0
      },
      "B": {
        "item": "minecraft:iron_ingot",
        "data": 0
      },
      "C": {
        "item": "gg:game_inside",
        "data": 0
      },
      "D": {
        "item": "gg:dvd",
        "data": 0
      }
    },
    "result": {
      "item": "gg:os_inside",
      "count": 1
    }
  }
}