{
  "format_version": "1.12",
  "minecraft:recipe_shaped": {
    "description": {
      "identifier": "ps3_controller_cable_1daaae8f"
    },
    "tags": [
      "crafting_table"
    ],
    "pattern": [
      " A ",
      "BCB",
      " A "
    ],
    "key": {
      "A": {
        "item": "minecraft:stick",
        "data": 0
      },
      "B": {
        "item": "minecraft:dye",
        "data": 16
      },
      "C": {
        "item": "minecraft:iron_ingot",
        "data": 0
      }
    },
    "result": {
      "item": "gg:ps3_controller_cable",
      "count": 1
    }
  }
}