{
  "format_version": "1.12",
  "minecraft:recipe_shaped": {
    "description": {
      "identifier": "ps3_cbandicoot_2_0b5ea760"
    },
    "tags": [
      "crafting_table"
    ],
    "pattern": [
      "ABC"
    ],
    "key": {
      "A": {
        "item": "gg:ps3_minecraft",
        "data": 0
      },
      "B": {
        "item": "gg:dvd",
        "data": 0
      },
      "C": {
        "item": "gg:game_inside",
        "data": 0
      }
    },
    "result": {
      "item": "gg:ps3_cbandicoot_2",
      "count": 1
    }
  }
}