{
  "format_version": "1.12",
  "minecraft:recipe_shaped": {
    "description": {
      "identifier": "pc_forza_horizon_4_eb78101d"
    },
    "tags": [
      "crafting_table"
    ],
    "pattern": [
      "ABC"
    ],
    "key": {
      "A": {
        "item": "gg:pc_the_sims_4",
        "data": 0
      },
      "B": {
        "item": "gg:game_inside",
        "data": 0
      },
      "C": {
        "item": "gg:dvd",
        "data": 0
      }
    },
    "result": {
      "item": "gg:pc_forza_horizon_4",
      "count": 1
    }
  }
}