{
  "format_version": "1.12",
  "minecraft:recipe_shaped": {
    "description": {
      "identifier": "ps4_fifa_19_490dedaa"
    },
    "tags": [
      "crafting_table"
    ],
    "pattern": [
      " A ",
      "BCD"
    ],
    "key": {
      "A": {
        "item": "gg:hardware_upgrader",
        "data": 0
      },
      "B": {
        "item": "gg:plastic",
        "data": 0
      },
      "C": {
        "item": "gg:game_inside",
        "data": 0
      },
      "D": {
        "item": "gg:dvd",
        "data": 0
      }
    },
    "result": {
      "item": "gg:ps4_fifa_19",
      "count": 1
    }
  }
}