{
  "format_version": "1.12",
  "minecraft:recipe_shaped": {
    "description": {
      "identifier": "samsung_galaxy_s20_ultra_5g_e41ba4de"
    },
    "tags": [
      "crafting_table"
    ],
    "pattern": [
      "A",
      "B",
      "C"
    ],
    "key": {
      "A": {
        "item": "gg:android_10_os",
        "data": 0
      },
      "B": {
        "item": "gg:samsung_galaxy_a70",
        "data": 0
      },
      "C": {
        "item": "minecraft:diamond",
        "data": 0
      }
    },
    "result": {
      "item": "gg:samsung_galaxy_s20_ultra_5g",
      "count": 1
    }
  }
}