{
  "format_version": "1.12",
  "minecraft:recipe_shaped": {
    "description": {
      "identifier": "samsung_galaxy_a70_693dbace"
    },
    "tags": [
      "crafting_table"
    ],
    "pattern": [
      "ABC"
    ],
    "key": {
      "A": {
        "item": "gg:android_10_os",
        "data": 0
      },
      "B": {
        "item": "gg:hardware_upgrader",
        "data": 0
      },
      "C": {
        "item": "gg:samsung_galaxy_s7_edge",
        "data": 0
      }
    },
    "result": {
      "item": "gg:samsung_galaxy_a70",
      "count": 1
    }
  }
}