{
  "format_version": "1.12",
  "minecraft:recipe_shaped": {
    "description": {
      "identifier": "ventilator_black3000_73a2ee03"
    },
    "tags": [
      "crafting_table"
    ],
    "pattern": [
      "AAA",
      "ABA",
      "AAA"
    ],
    "key": {
      "A": {
        "item": "minecraft:wool",
        "data": 15
      },
      "B": {
        "item": "minecraft:glass",
        "data": 0
      }
    },
    "result": {
      "item": "gg:ventilator_black3000",
      "count": 1
    }
  }
}