{
  "format_version": "1.16.100",
  "minecraft:item": {
    "description": {
      "category": "equipment",
      "identifier": "gg:gaming_axe"
    },
    "components": {
      "minecraft:icon": {
        "texture": "gg_gaming_axe"
      },
      "minecraft:creative_category": {
        "parent": "itemGroup.name.axe"
      },
      "minecraft:max_stack_size": 1,
      "minecraft:use_duration": 20580,
      "minecraft:hand_equipped": true,
      "minecraft:allow_off_hand": true,
      "minecraft:foil": false,
      "minecraft:damageable": {
        "repair_items": [
          "gg:gaming_axe",
          "minecraft:obsidian"
        ]
      },
      "minecraft:mining_speed": 1,
      "minecraft:damage": 20580,
      "minecraft:enchantable": {
        "value": 15,
        "slot": "axe"
      },
      "minecraft:can_destroy_in_creative": false,
      "minecraft:digger": {
        "use_efficiency": true,
        "destroy_speeds": [
          {
            "block": "minecraft:acacia_door",
            "speed": 2
          },
          {
            "block": "minecraft:acacia_fence_gate",
            "speed": 2
          },
          {
            "block": "minecraft:acacia_pressure_plate",
            "speed": 2
          },
          {
            "block": "minecraft:acacia_sign",
            "speed": 2
          },
          {
            "block": "minecraft:acacia_stairs",
            "speed": 2
          },
          {
            "block": "minecraft:acacia_trapdoor",
            "speed": 2
          },
          {
            "block": "minecraft:armor_stand",
            "speed": 2
          },
          {
            "block": "minecraft:birch_button",
            "speed": 2
          },
          {
            "block": "minecraft:birch_door",
            "speed": 2
          },
          {
            "block": "minecraft:birch_fence_gate",
            "speed": 2
          },
          {
            "block": "minecraft:birch_pressure_plate",
            "speed": 2
          },
          {
            "block": "minecraft:birch_sign",
            "speed": 2
          },
          {
            "block": "minecraft:birch_stairs",
            "speed": 2
          },
          {
            "block": "minecraft:birch_trapdoor",
            "speed": 2
          },
          {
            "block": "minecraft:crafting_table",
            "speed": 2
          },
          {
            "block": "minecraft:crimson_door",
            "speed": 2
          },
          {
            "block": "minecraft:crimson_fence",
            "speed": 2
          },
          {
            "block": "minecraft:crimson_fence_gate",
            "speed": 2
          },
          {
            "block": "minecraft:crimson_planks",
            "speed": 2
          },
          {
            "block": "minecraft:crimson_pressure_plate",
            "speed": 2
          },
          {
            "block": "minecraft:crimson_sign",
            "speed": 2
          },
          {
            "block": "minecraft:crimson_slab",
            "speed": 2
          },
          {
            "block": "minecraft:crimson_stairs",
            "speed": 2
          },
          {
            "block": "minecraft:crimson_stem",
            "speed": 2
          },
          {
            "block": "minecraft:crimson_trapdoor",
            "speed": 2
          },
          {
            "block": "minecraft:dark_oak_door",
            "speed": 2
          },
          {
            "block": "minecraft:dark_oak_fence_gate",
            "speed": 2
          },
          {
            "block": "minecraft:dark_oak_pressure_plate",
            "speed": 2
          },
          {
            "block": "minecraft:dark_oak_stairs",
            "speed": 2
          },
          {
            "block": "minecraft:dark_oak_trapdoor",
            "speed": 2
          },
          {
            "block": "minecraft:dark_prismarine_stairs",
            "speed": 2
          },
          {
            "block": "minecraft:darkoak_sign",
            "speed": 2
          },
          {
            "block": "minecraft:fence",
            "speed": 2
          },
          {
            "block": "minecraft:fence_gate",
            "speed": 2
          },
          {
            "block": "minecraft:frame",
            "speed": 2
          },
          {
            "block": "minecraft:jungle_button",
            "speed": 2
          },
          {
            "block": "minecraft:jungle_door",
            "speed": 2
          },
          {
            "block": "minecraft:jungle_fence_gate",
            "speed": 2
          },
          {
            "block": "minecraft:jungle_pressure_plate",
            "speed": 2
          },
          {
            "block": "minecraft:jungle_sign",
            "speed": 2
          },
          {
            "block": "minecraft:jungle_stairs",
            "speed": 2
          },
          {
            "block": "minecraft:jungle_trapdoor",
            "speed": 2
          },
          {
            "block": "minecraft:ladder",
            "speed": 2
          },
          {
            "block": "minecraft:leaves",
            "speed": 2
          },
          {
            "block": "minecraft:leaves2",
            "speed": 2
          },
          {
            "block": "minecraft:log",
            "speed": 2
          },
          {
            "block": "minecraft:log2",
            "speed": 2
          },
          {
            "block": "minecraft:nether_brick",
            "speed": 2
          },
          {
            "block": "minecraft:nether_brick_fence",
            "speed": 2
          },
          {
            "block": "minecraft:nether_brick_stairs",
            "speed": 2
          },
          {
            "block": "minecraft:oak_stairs",
            "speed": 2
          },
          {
            "block": "minecraft:planks",
            "speed": 2
          },
          {
            "block": "minecraft:sign",
            "speed": 2
          },
          {
            "block": "minecraft:spruce_stairs",
            "speed": 2
          },
          {
            "block": "minecraft:stripped_dark_oak_log",
            "speed": 2
          },
          {
            "block": "minecraft:stripped_oak_log",
            "speed": 2
          },
          {
            "block": "minecraft:trapdoor",
            "speed": 2
          },
          {
            "block": "minecraft:warped_planks",
            "speed": 2
          },
          {
            "block": "minecraft:wood",
            "speed": 2
          },
          {
            "block": "minecraft:wooden_button",
            "speed": 2
          },
          {
            "block": "minecraft:wooden_door",
            "speed": 2
          },
          {
            "block": "minecraft:wooden_pressure_plate",
            "speed": 2
          },
          {
            "block": "minecraft:wooden_slab",
            "speed": 2
          }
        ]
      },
      "minecraft:weapon": {},
      "minecraft:render_offsets": "tools",
      "tag:minecraft:is_axe": {},
      "minecraft:display_name": {},
      "minecraft:use_on": {
        "blocks": [
          "acacia_stairs",
          "birch_stairs",
          "dark_oak_stairs",
          "dirt",
          "grass",
          "grass_path",
          "jungle_stairs",
          "log",
          "log2",
          "oak_stairs",
          "spruce_stairs",
          "stripped_acacia_log",
          "stripped_birch_log",
          "stripped_dark_oak_log",
          "stripped_jungle_log",
          "stripped_oak_log",
          "stripped_spruce_log",
          "wood",
          "wooden_slab"
        ]
      }
    }
  }
}