{
  "format_version": "1.16.100",
  "minecraft:item": {
    "description": {
      "identifier": "gg:gaming_chestplate",
      "category": "equipment"
    },
    "components": {
      "minecraft:icon": {
        "texture": "gg_gaming_chestplate"
      },
      "minecraft:creative_category": {
        "parent": "itemGroup.name.chestplate"
      },
      "minecraft:max_stack_size": 1,
      "minecraft:enchantable": {
        "value": 10,
        "slot": "armor_torso"
      },
      "minecraft:damageable": {
        "max_damage": 20580,
        "damage_chance": {
          "min": 5145.0,
          "max": 10290.0
        },
        "repair_items": [
          "minecraft:emerald",
          "gg:gaming_chestplate"
        ]
      },
      "minecraft:knockback_resistance": {
        "protection": 0.99
      },
      "minecraft:mining_speed": 5,
      "minecraft:wearable": {
        "slot": "slot.armor.chest"
      },
      "minecraft:render_offsets": "chestplates",
      "minecraft:repairable": {
        "repair_items": [
          {
            "items": [
              "minecraft:emerald",
              "gg:gaming_chestplate"
            ],
            "repair_amount": 10
          }
        ]
      },
      "minecraft:armor": {
        "protection": 0.99
      },
      "minecraft:display_name": {}
    }
  }
}