{
  "format_version": "1.16.100",
  "minecraft:item": {
    "description": {
      "identifier": "gg:gaming_helmet",
      "category": "equipment"
    },
    "components": {
      "minecraft:icon": {
        "texture": "gg_gaming_helmet"
      },
      "minecraft:creative_category": {
        "parent": "itemGroup.name.helmet"
      },
      "minecraft:max_stack_size": 1,
      "minecraft:enchantable": {
        "value": 10,
        "slot": "armor_head"
      },
      "minecraft:damageable": {
        "max_damage": 32,
        "damage_chance": {
          "min": 8.0,
          "max": 16.0
        },
        "repair_items": [
          "minecraft:emerald",
          "gg:gaming_helmet"
        ]
      },
      "minecraft:knockback_resistance": {
        "protection": 0.9
      },
      "minecraft:mining_speed": 5,
      "minecraft:wearable": {
        "slot": "slot.armor.head"
      },
      "minecraft:render_offsets": "helmets",
      "minecraft:repairable": {
        "repair_items": [
          {
            "items": [
              "minecraft:emerald",
              "gg:gaming_helmet"
            ],
            "repair_amount": 10
          }
        ]
      },
      "minecraft:armor": {
        "protection": 0.9
      },
      "minecraft:display_name": {}
    }
  }
}