{
  "format_version": "1.16.100",
  "minecraft:item": {
    "description": {
      "category": "equipment",
      "identifier": "gg:plastic_pickaxe"
    },
    "components": {
      "minecraft:icon": {
        "texture": "gg_plastic_pickaxe"
      },
      "minecraft:creative_category": {
        "parent": "itemGroup.name.pickaxe"
      },
      "minecraft:max_stack_size": 1,
      "minecraft:use_duration": 150,
      "minecraft:hand_equipped": true,
      "minecraft:allow_off_hand": true,
      "minecraft:foil": true,
      "minecraft:damageable": {
        "repair_items": [
          "gg:plastic_pickaxe",
          "minecraft:obsidian"
        ]
      },
      "minecraft:mining_speed": 1,
      "minecraft:damage": 2,
      "minecraft:enchantable": {
        "value": 15,
        "slot": "pickaxe"
      },
      "minecraft:can_destroy_in_creative": false,
      "minecraft:digger": {
        "use_efficiency": true,
        "destroy_speeds": [
          {
            "block": "minecraft:coal_ore",
            "speed": 2
          },
          {
            "block": "minecraft:diamond_ore",
            "speed": 2
          },
          {
            "block": "minecraft:emerald_ore",
            "speed": 2
          },
          {
            "block": "minecraft:gold_ore",
            "speed": 2
          },
          {
            "block": "minecraft:iron_ore",
            "speed": 2
          },
          {
            "block": "minecraft:lapis_ore",
            "speed": 2
          },
          {
            "block": "minecraft:quartz_ore",
            "speed": 2
          },
          {
            "block": "minecraft:redstone_ore",
            "speed": 2
          }
        ]
      },
      "minecraft:weapon": {},
      "minecraft:render_offsets": "tools",
      "tag:minecraft:is_pickaxe": {},
      "minecraft:display_name": {},
      "minecraft:use_on": {
        "blocks": [
          "cobblestone",
          "dirt",
          "grass",
          "grass_path",
          "monster_egg"
        ]
      }
    }
  }
}