{
  "format_version": "1.10",
  "minecraft:item": {
    "description": {
      "identifier": "gg:wumpa_fruit",
      "category": "items"
    },
    "components": {
      "minecraft:hand_equipped": false,
      "minecraft:max_stack_size": 64,
      "minecraft:foil": false,
      "minecraft:stack_by_data": true,
      "minecraft:food": {
        "saturation_modifier": "high",
        "nutrition": 5,
        "can_always_eat": false,
        "effects": [
          {
            "name": "health_boost",
            "chance": 500,
            "duration": 500,
            "amplifier": 500
          },
          {
            "name": "jump_boost",
            "chance": 500,
            "duration": 500,
            "amplifier": 500
          }
        ]
      },
      "minecraft:use_duration": 500
    }
  }
}